User Input,Chatbot Response,Timestamp
hello,Hey! How can I assist you?,2024-12-08 19:52:49
compounding,Compounding helps your money grow faster as it earns interest on interest.,2024-12-08 19:53:26
how can i check my credit score?,"To improve your credit score, pay bills on time, reduce debt, and monitor your credit regularly.",2024-12-08 20:00:12
what is financial literacy?,"It involves knowledge of budgeting, saving, investing, and avoiding debt.",2024-12-08 20:58:39
budgeting,"To create a budget, list your income and expenses, then allocate money towards essentials, savings, and discretionary spending.",2024-12-08 21:00:05
budget,"A popular method is the 50/30/20 rule: 50% for needs, 30% for wants, and 20% for savings.",2024-12-08 21:00:27
what are you?,My purpose is to help you become financially savvy!,2024-12-08 21:01:40
hello,Hello!,2024-12-09 15:54:11
employer benefits,Review your benefits package annually to ensure youâ€™re utilizing all available options.,2024-12-09 16:01:17
How do I exchange currency?,Check the latest exchange rates on our website or app. Foreign currency can also be exchanged at authorized forex dealers or partner outlets,2024-12-09 17:00:16
How do I open bank account,A bank account is a safe place to store your money and manage financial transactions.,2024-12-09 18:21:47
budget,Budgeting is the process of tracking your income and expenses to manage your money effectively.,2024-12-09 18:28:40
what is liquidity,Liquidity refers to how quickly an asset can be converted into cash without significantly affecting its value.,2024-12-09 22:45:44
what are some financial tips?,Set financial goals and review them periodically to stay on track.,2024-12-09 22:48:28
what is the difference between saving and investment,Saving involves putting money aside for short-term goals or emergencies with low risk and low returns.,2024-12-09 23:08:29
How do I set financial goals?,"Financial goals are objectives you aim to achieve with your money, like buying a house or saving for retirement.",2024-12-09 23:31:16
what is ROI?,"Return on Investment (ROI) is a performance metric used to evaluate the efficiency or profitability of an investment. It is calculated by dividing the net profit by the initial cost of the investment, expressed as a percentage.",2024-12-09 23:39:30
what is ROI?,"Return on Investment (ROI) is a performance metric used to evaluate the efficiency or profitability of an investment. It is calculated by dividing the net profit by the initial cost of the investment, expressed as a percentage.",2024-12-09 23:43:42
what is profit margin?,Profit margin is a financial metric used to assess a company's profitability. It is calculated as the percentage of revenue that exceeds the costs of production. Higher profit margins indicate greater profitability and efficiency.,2024-12-10 09:57:45
Explain economic indicators,Monitoring indicators can guide financial decisions and investments.,2024-12-10 10:45:11
